id,name,bic
res_bank#1,GEN0DEF1HZH,GEN0DEF1HZH
res_bank#2,DUETESM672,DUETESM672
res_bank#3,BYLADE1SRS,BYLADE1SRS
res_bank#4,VB Schwäbisch Gmünd -alt-,GENODES1VGD
res_bank#5,Fidor Bank München,FDDODEMMXXX
res_bank#6,Kreissparkasse Ostalb,OASPDE6AXXX
res_bank#7,VR-Bank Ostalb,GENODES1AAV
res_bank#8,Evangelische Bank Kassel,GENODEF1EK1
res_bank#9,Volksbank Hohenlohe,GENODES1VHL
res_bank#10,Sparkasse Nördlingen -alt-,BYLADEM1NLG
res_bank#11,Raiffeisenbank Rain -alt-,GENODEF1RLH
res_bank#12,LBBW/BW-Bank Stuttgart,SOLADEST600
res_bank#13,Raiffbk Heilsbr-Windsbach,GENODEF1WBA
res_bank#14,SOLADES1SMA,SOLADES1SMA
res_bank#15,UniCredit Bank-HypoVereinbk,HYVEDEMM065
res_bank#16,GENODEF1NE,GENODEF1NE
res_bank#17,UniCredit Bank-HypoVereinbk,HYVEDEMM406
res_bank#18,Sparkasse Ansbach,BYLADEM1ANS
res_bank#19,BYLADEM1DG,BYLADEM1DG
res_bank#20,SOLADES1AAL,SOLADES1AAL
res_bank#21,OASPDEAXXX,OASPDEAXXX
res_bank#22,Kr Spk Heidenheim,SOLADES1HDH
res_bank#23,Kr Spk Heilbronn,HEISDE66XXX
res_bank#24,Deutsche Bank,DEUTDEDB760
res_bank#25,Commerzbank Nürnberg,DRESDEFF760
res_bank#26,"Commerzbank CC SP, Berlin",COBADEFFXXX
res_bank#27,solarisBank Gf (S),SOBKDEB2XXX
res_bank#28,GENODEF1WB,GENODEF1WB
res_bank#29,DENODEF1DKV,DENODEF1DKV
res_bank#30,TEST,TEST
res_bank#31,Oberbank München,OBKLDEMXXXX
res_bank#32,ING-DiBa Frankfurt am Main,INGDDEFFXXX
res_bank#33,Berliner VB Berlin,BEVODEBBXXX
res_bank#34,VR Bk Schwäb. Hall-Crailsh.,GENODES1SHA
res_bank#35,Raiffeisenbank Bibertgrund,GENODEF1ZIR
res_bank#36,GEN0DEF1S06,GEN0DEF1S06
res_bank#37,Crailsheimer VB -alt-,GENODES1CRV
res_bank#38,Sparkasse Eichstätt -alt-,BYLADEM1EIS
res_bank#39,GEN0DEF1GZ2,GEN0DEF1GZ2
res_bank#40,Raiffeisenbank Neumarkt,GENODEF1NM1
res_bank#41,GENODEF1AN,GENODEF1AN
res_bank#42,GENODEF1GU,GENODEF1GU
res_bank#43,Raiffeisen - meine Bank,GENODEF1FYS
res_bank#44,Volksbank Stuttgart,VOBADESSXXX
res_bank#45,Spk Neumarkt i d OPf-Parsbg,BYLADEM1NMA
res_bank#46,Fürstl. Castellsche Bank,FUCEDE77XXX
res_bank#47,GEN0DEF1DON,GEN0DEF1DON
res_bank#48,PBNKDEFXXX,PBNKDEFXXX
res_bank#49,Commerzbank Aalen Württ,DRESDEFF614
res_bank#50,Deutsche Bank,DEUTDEDB613
res_bank#51,Postbank Ndl Deutsche Bank,PBNKDEFFXXX
res_bank#52,Kr u St Spk Dinkelsbühl-alt,BYLADEM1DKB
res_bank#53,GENODEF1G22,GENODEF1G22
res_bank#54,BTV Zndl Deutschland,BTVADE61XXX
res_bank#55,Sparda-Bank München,GENODEF1S04
res_bank#56,Raiffbk Greding-Thalmässing,GENODEF1GDG
res_bank#57,Sparda-Bank Nürnberg,GENODEF1S06
res_bank#58,Abtsgmünder Bank,GENODES1ABR
res_bank#59,GENODEF1H2H,GENODEF1H2H
res_bank#60,VR-Bank Mittelfranken West,GENODEF1ANS
res_bank#61,VR meine Bank,GENODEF1NEA
res_bank#62,COBADEFF614,COBADEFF614
res_bank#63,Sparda-Bank Baden-Württemb,GENODEF1S02
res_bank#64,Spk Günzburg-Krumbach,BYLADEM1GZK
res_bank#65,OLBODEM2XXX,OLBODEM2XXX
res_bank#66,GENODEFAFYS,GENODEFAFYS
res_bank#67,GENODEF1NP,GENODEF1NP
res_bank#68,GEN0DEF1DKV,GEN0DEF1DKV
res_bank#69,St u Kr Spk Rothenburg -alt,BYLADEM1ROT
res_bank#70,Raiff-VB Donauwörth,GENODEF1DON
res_bank#71,PBNKDEFF760,PBNKDEFF760
res_bank#72,Sparkasse Schwäbisch Hall,SOLADES1SHA
res_bank#73,Deutsche Bank,DEUTDEDB430
res_bank#74,Raiffbk Weißenburg-Gunzenh,GENODEF1GU1
res_bank#75,PBNKDEFF860,PBNKDEFF860
res_bank#76,Commerzbank München,DRESDEFF700
res_bank#77,Bopfinger Bank Sechta-Ries,GENODES1BPF
res_bank#78,Raiffbk Hohenloher Land,GENODES1IBR
res_bank#79,COBADEFF613,COBADEFF613
res_bank#80,GELADEF1KAS,GELADEF1KAS
res_bank#81,Heidenheimer Volksbank,GENODES1HDH
res_bank#82,GENODE1AAV,GENODE1AAV
res_bank#83,OASPDE6AXX,OASPDE6AXX
res_bank#84,Ver Spk Gunzenhausen,BYLADEM1GUN
res_bank#85,GENODEF1DKB,GENODEF1DKB
res_bank#86,VR-Bank HG-Bank,GENODEF1MTG
res_bank#87,VR-Bank Ellwangen,GENODES1ELL
res_bank#88,GENODES1HDM,GENODES1HDM
res_bank#89,Spk Mittelfranken-Süd,BYLADEM1SRS
res_bank#90,Cronbank,GENODE51CRO
res_bank#91,PBNKDEFF,PBNKDEFF
res_bank#92,Raiffeisenbank Westhausen,GENODES1RWN
res_bank#93,Sparkasse Nürnberg,SSKNDE77XXX
res_bank#94,VR Feuchtwangen-Dinkelsbühl,GENODEF1DKV
res_bank#95,VR Bank Neuburg-Rain,GENODEF1ND2
res_bank#96,GENODES1AA,GENODES1AA
res_bank#97,GENODEF1DKR,GENODEF1DKR
res_bank#98,GEN0DES1RFT,GEN0DES1RFT
res_bank#99,VR Bank Bayern Mitte,GENODEF1INP
res_bank#100,VR-Bank Feuchtw.-Limes-alt-,GENODEF1FEW
res_bank#101,Spk Donauwörth,BYLADEM1DON
res_bank#102,Raiffeisen-Volksbank Ries,GENODEF1NOE
res_bank#103,Volksbank Brenztal,GENODES1RNS
res_bank#104,RVB Wemding,GENODEF1WDN
res_bank#105,apoBank Düsseldorf,DAAEDEDDXXX
res_bank#106,Sparkasse Hohenlohekreis,SOLADES1KUN
res_bank#107,TARGOBANK Düsseldorf,CMCIDEDDXXX
res_bank#108,GENODEFNBEV,GENODEFNBEV
res_bank#109,PBNKDEFF700,PBNKDEFF700
res_bank#110,DENODES1BPF,DENODES1BPF
res_bank#111,Raiffeisenbank Beilngries,GENODEF1BLN
res_bank#112,Raiffbk Wittislingen -alt-,GENODEF1WTS
res_bank#113,GENODEF1AS,GENODEF1AS
res_bank#114,Volksbank Günzburg -alt-,GENODEF1GZ1
res_bank#115,Kr Spk München Starnbg Ebbg,BYLADEM1KMS
res_bank#116,Volksbank Ulm-Biberach,ULMVDE66XXX
res_bank#117,Raiffeisenbank Rosenstein,GENODES1HEU
res_bank#118,Raiffbk Roth-Schwabach,GENODEF1SWR
res_bank#119,UniCredit Bank-HypoVereinbk,HYVEDEMM263
res_bank#120,Raiffeisenbank Aschberg,GENODEF1HZH
res_bank#121,Volksbank Backnang,GENODES1VBK
res_bank#122,VR Bank Bamberg -alt-,GENODEF1BA2
res_bank#123,Raiffbk Frankenh-Stimpfach,GENODES1RFS
res_bank#124,SÜDWESTBANK - BAWAG Ndl. DE,SWBSDESSXXX
res_bank#125,Commerzbank Berlin Zw B,DRESDEFFXXX
res_bank#126,BENODEF1DKV,BENODEF1DKV
res_bank#127,GENODES2ELL,GENODES2ELL
res_bank#128,Raiffeisenbank Bechhofen,GENODEF1BEH
res_bank#129,Raiffeisenbank Bobingen,GENODEF1BOI
res_bank#130,BALADEM1DLG,BALADEM1DLG
res_bank#131,UniCredit Bank-HypoVereinbk,HYVEDEMM408
res_bank#132,Raiff-VB Dillingen -alt-,GENODEF1DLG
res_bank#133,Spk Dillingen-Nördlingen,BYLADEM1DLG
res_bank#134,Spk Fürth,BYLADEM1SFU
res_bank#135,Raiffeisenbank Bissingen,GENODEF1BSI
res_bank#136,VR-Bank Donau-Mindel,GENODEF1GZ2
res_bank#137,VR Bank Nürnberg,GENODEF1N02
res_bank#138,Raiffbk Altdorf-Feucht,GENODEF1FEC
res_bank#139,Raiffeisenbank Mutlangen,GENODES1RML
res_bank#140,DENODEF1GU1,DENODEF1GU1
